{"utility_recall@k_pre_S_V": 0.8552631578947368, "utility_recall@k_post_S_V": 0.7719298245614035, "harmful_recall@k_pre_U_V": 0.8888888888888888, "harmful_recall@k_post_U_V": 0.8472222222222222, "text_semantic_shift_decline_to_unsafe": 0.032144997268915176, "text_semantic_shift_increase_to_neutral": -0.05510373413562775, "clipscore_safe_pre": 0.3332972526550293, "clipscore_safe_post": 0.28219926357269287, "safety_rates_ASR": null, "safety_rates_USR": null}