{"utility_recall@k_pre_S_V": 0.7775061124694377, "utility_recall@k_post_S_V": 0.4683262947321627, "harmful_recall@k_pre_U_V": 0.7639902676399026, "harmful_recall@k_post_U_V": 0.3937550689375507, "text_semantic_shift_decline_to_unsafe": 0.6646418571472168, "text_semantic_shift_increase_to_neutral": -0.6651071310043335, "clipscore_safe_pre": 0.340851753950119, "clipscore_safe_post": 0.18698650598526, "safety_rates_ASR": null, "safety_rates_USR": null}