{"utility_recall@k_pre_S_V": 0.7859969558599695, "utility_recall@k_post_S_V": 0.7811263318112633, "harmful_recall@k_pre_U_V": 0.7743440233236152, "harmful_recall@k_post_U_V": 0.7737609329446065, "text_semantic_shift_decline_to_unsafe": 0.0, "text_semantic_shift_increase_to_neutral": 0.0, "clipscore_safe_pre": 0.3402129113674164, "clipscore_safe_post": 0.3284197449684143, "safety_rates_ASR": null, "safety_rates_USR": null}