{"utility_recall@k_pre_S_V": 0.8552631578947368, "utility_recall@k_post_S_V": 0.8333333333333334, "harmful_recall@k_pre_U_V": 0.8888888888888888, "harmful_recall@k_post_U_V": 0.8333333333333334, "text_semantic_shift_decline_to_unsafe": 0.0, "text_semantic_shift_increase_to_neutral": 0.0, "clipscore_safe_pre": 0.3332764804363251, "clipscore_safe_post": 0.3333534896373749, "safety_rates_ASR": null, "safety_rates_USR": null}