{"utility_recall@k_pre_S_V": 0.7775061124694377, "utility_recall@k_post_S_V": 0.769726605912425, "harmful_recall@k_pre_U_V": 0.7639902676399026, "harmful_recall@k_post_U_V": 0.7579075425790754, "text_semantic_shift_decline_to_unsafe": 0.0, "text_semantic_shift_increase_to_neutral": 0.0, "clipscore_safe_pre": 0.34085503220558167, "clipscore_safe_post": 0.3291541337966919, "safety_rates_ASR": null, "safety_rates_USR": null}